{
 "screen": {
  "islands": [
   184,
   241,
   500,
   501,
   502,
   503
  ],
  "bboxLocal": [
   0.156279,
   -0.322708,
   -0.22125,
   0.16837,
   0.322708,
   0.320824
  ],
  "pivotLocal": [
   0.162324,
   0,
   0.049787
  ],
  "vertCount": 384,
  "interactive": false
 },
 "bezel": {
  "islands": [
   55,
   56
  ],
  "bboxLocal": [
   0.099607,
   -0.332634,
   -0.230723,
   0.16444,
   0.332634,
   0.33067
  ],
  "pivotLocal": [
   0.132024,
   0,
   0.049974
  ],
  "vertCount": 154,
  "interactive": false
 },
 "shellFront": {
  "islands": [
   0,
   2,
   3,
   4,
   5,
   6,
   9,
   13,
   15,
   16,
   17,
   18,
   19,
   22,
   46,
   49,
   50,
   51,
   53,
   58,
   59,
   60,
   61,
   62,
   63,
   64,
   65,
   66,
   69,
   70,
   73,
   74,
   75,
   76,
   77,
   78,
   79,
   80,
   81,
   82,
   83,
   132,
   133,
   134,
   135,
   136,
   137,
   138,
   139,
   140,
   141,
   142,
   147,
   149,
   173,
   174,
   176,
   177,
   178,
   179,
   212,
   216,
   219,
   220,
   221,
   225,
   228,
   229,
   333,
   334,
   335,
   336,
   344,
   345,
   346,
   347,
   348,
   358,
   359,
   360,
   361,
   362,
   471,
   474,
   475,
   505,
   507,
   508,
   515,
   516,
   517,
   520,
   521,
   522,
   523,
   524,
   526,
   527,
   534,
   536,
   537,
   540,
   541,
   542,
   543
  ],
  "bboxLocal": [
   0.088638,
   -0.626086,
   -0.306003,
   0.16604,
   0.626086,
   0.403195
  ],
  "pivotLocal": [
   0.127339,
   0,
   0.048596
  ],
  "vertCount": 4144,
  "interactive": false
 },
 "shellBack": {
  "islands": [
   27,
   29,
   208,
   319,
   324,
   325
  ],
  "bboxLocal": [
   -0.07542,
   -0.560417,
   -0.289817,
   0.05123,
   0.567959,
   0.322756
  ],
  "pivotLocal": [
   -0.012095,
   0.003771,
   0.016469
  ],
  "vertCount": 2745,
  "interactive": false
 },
 "shellMid": {
  "islands": [
   35,
   37,
   39,
   43,
   44,
   45,
   91,
   92,
   93,
   95,
   101,
   106,
   116,
   123,
   129,
   213,
   214,
   222,
   223,
   322,
   338,
   341,
   364,
   368,
   548
  ],
  "bboxLocal": [
   -0.019579,
   -0.626171,
   -0.306003,
   0.12874,
   0.626171,
   0.403141
  ],
  "pivotLocal": [
   0.05458,
   0,
   0.048569
  ],
  "vertCount": 2424,
  "interactive": false
 },
 "dpad": {
  "islands": [
   143,
   144,
   145,
   146,
   234
  ],
  "bboxLocal": [
   0.143557,
   -0.546125,
   0.022328,
   0.180482,
   -0.373714,
   0.190544
  ],
  "pivotLocal": [
   0.143557,
   -0.459919,
   0.106436
  ],
  "vertCount": 1930,
  "interactive": true
 },
 "btnA": {
  "islands": [
   130,
   230,
   231
  ],
  "bboxLocal": [
   0.131146,
   0.476839,
   0.092347,
   0.176023,
   0.563195,
   0.178703
  ],
  "pivotLocal": [
   0.153585,
   0.520017,
   0.135525
  ],
  "vertCount": 233,
  "interactive": true
 },
 "btnB": {
  "islands": [
   131,
   232,
   233
  ],
  "bboxLocal": [
   0.131146,
   0.364155,
   0.053392,
   0.175579,
   0.451495,
   0.139749
  ],
  "pivotLocal": [
   0.153363,
   0.407825,
   0.096571
  ],
  "vertCount": 231,
  "interactive": true
 },
 "btnSelect": {
  "islands": [
   180,
   181
  ],
  "bboxLocal": [
   0.15957,
   -0.39346,
   -0.084081,
   0.175579,
   -0.357057,
   -0.047678
  ],
  "pivotLocal": [
   0.167575,
   -0.375258,
   -0.06588
  ],
  "vertCount": 112,
  "interactive": true
 },
 "btnStart": {
  "islands": [
   182,
   183
  ],
  "bboxLocal": [
   0.15957,
   -0.39346,
   -0.154384,
   0.175579,
   -0.357057,
   -0.117981
  ],
  "pivotLocal": [
   0.167575,
   -0.375258,
   -0.136182
  ],
  "vertCount": 112,
  "interactive": true
 },
 "shoulderL": {
  "islands": [
   57,
   90,
   544,
   545
  ],
  "bboxLocal": [
   0.007012,
   -0.587671,
   0.261602,
   0.131385,
   -0.355121,
   0.382481
  ],
  "pivotLocal": [
   0.069198,
   -0.355121,
   0.322041
  ],
  "vertCount": 1892,
  "interactive": true
 },
 "shoulderR": {
  "islands": [
   47,
   52,
   546,
   547
  ],
  "bboxLocal": [
   0.007012,
   0.355121,
   0.264559,
   0.131385,
   0.587671,
   0.382481
  ],
  "pivotLocal": [
   0.069198,
   0.355121,
   0.32352
  ],
  "vertCount": 1874,
  "interactive": true
 },
 "led": {
  "islands": [
   54,
   175,
   472,
   473
  ],
  "bboxLocal": [
   0.154313,
   0.391597,
   0.275799,
   0.164712,
   0.412366,
   0.296568
  ],
  "pivotLocal": [
   0.159513,
   0.401981,
   0.286184
  ],
  "vertCount": 245,
  "interactive": false
 },
 "batteryCover": {
  "islands": [
   30,
   32,
   34,
   209,
   210,
   211,
   320,
   321,
   323,
   326,
   327,
   328,
   329,
   330,
   499
  ],
  "bboxLocal": [
   -0.075547,
   -0.260327,
   -0.290116,
   -0.014989,
   0.26599,
   0.076158
  ],
  "pivotLocal": [
   -0.045268,
   0.002832,
   -0.106979
  ],
  "vertCount": 566,
  "interactive": false
 },
 "linkPortCover": {
  "islands": [
   67,
   68,
   71,
   72,
   96,
   98,
   99,
   100,
   185,
   186,
   187,
   188,
   189,
   190,
   191,
   192,
   193,
   194,
   195,
   196,
   197,
   198,
   199,
   200,
   201,
   202,
   203,
   204,
   205,
   206,
   207,
   349,
   350,
   351,
   352,
   353,
   354,
   355,
   356,
   357,
   476,
   477,
   478,
   479,
   480,
   481,
   482,
   483,
   484,
   485,
   486,
   487,
   488,
   489,
   490,
   491,
   492,
   493,
   494,
   495,
   496,
   497,
   498,
   549
  ],
  "bboxLocal": [
   0.077548,
   0.104216,
   0.381526,
   0.133411,
   0.208823,
   0.404333
  ],
  "pivotLocal": [
   0.10548,
   0.15652,
   0.392929
  ],
  "vertCount": 872,
  "interactive": false
 },
 "screws": {
  "islands": [
   26,
   28,
   31,
   33,
   36,
   105,
   235,
   236,
   237,
   238,
   239,
   240
  ],
  "bboxLocal": [
   -0.051984,
   -0.532584,
   -0.158017,
   0.039634,
   0.539036,
   0.362794
  ],
  "pivotLocal": [
   -0.006175,
   0.003226,
   0.102389
  ],
  "vertCount": 1315,
  "interactive": false
 },
 "volumeWheel": {
  "islands": [
   38,
   40,
   41,
   171,
   172,
   242,
   243,
   267,
   270,
   294,
   411,
   413,
   415
  ],
  "bboxLocal": [
   0.02801,
   0.394531,
   -0.2469,
   0.08734,
   0.513336,
   -0.133058
  ],
  "pivotLocal": [
   0.057675,
   0.453933,
   -0.189979
  ],
  "vertCount": 736,
  "interactive": false
 },